review_date,review_title,review_body_text,overall_review_rating,job_title,location,employee_flag,rating_work_life_balance,rating_compensation_benefits,rating_job_security_advancement,rating_management,rating_culture_values,pros_text,cons_text,page_number,start_offset,source_url
30 January 2026,Sales oriented working culture,"Focus on offline events and activities to drive business. Highly sales oriented culture, performance measurement more focus on individual contributor, event for non sales staff",3,Vice President,Malaysia,current,0,0,0,0,0,,,1,0,https://malaysia.indeed.com/cmp/United-Overseas-Bank/reviews
28 January 2026,Good place to start your career,"Nice place to start your career, however lack of guidance and training provided. No clear goal setup by my immediate manager. Salary below market average",2,Manager,Kuala Lumpur,current,0,0,0,0,0,,,1,0,https://malaysia.indeed.com/cmp/United-Overseas-Bank/reviews
15 September 2025,Good benefit but high volume,"A lot of parties or events, good for extrovert but not a good thing for introverts. Still a lot of manual work and very volume based KPI. Team lead quality is average. Good benefits like flexcare.",3,Credit Analyst,Kuala Lumpur,former,0,0,0,0,0,,,1,0,https://malaysia.indeed.com/cmp/United-Overseas-Bank/reviews
29 August 2025,Rights by you both to the staff and customer,"What is the best part of working at the company? Comprehensive rewards and employee wellness. Employee recognition and culture. Learning, growth and inclusive culture What is the most stressful part about working at the company? As usual stress to get year enda target met. What is the work environment and culture like at the company? Rights by you, United-Work as one",5,OPERATIONS OFFICER,Kuala Terengganu,former,0,0,0,0,0,,,1,0,https://malaysia.indeed.com/cmp/United-Overseas-Bank/reviews
19 August 2025,It's a great place to work... but the supervisors...,"I worked here before and the work load is quite ok and bearable. Only 'some' supervisor are really getting on your nerve... overall, it's a good place to work",5,Bank Clerk,Sandakan,former,0,0,0,0,0,,,1,0,https://malaysia.indeed.com/cmp/United-Overseas-Bank/reviews
5 August 2025,Benefit & environment,"The benefit are superb , you can claim everything for personal things ie hotel , flight ticket , sport & etc. But for working environment, quiet tough. The pressure unbelievable.",3,Manager,Kuala Lumpur,current,0,0,0,0,0,,,1,0,https://malaysia.indeed.com/cmp/United-Overseas-Bank/reviews
23 May 2025,"While the job offered some valuable learning experiences, the overall environment at UOB Bank—particularly post-Citi Bank migration—was demoralizing.","A typical day was fast-paced, handling high volumes of customer issues with tight performance targets. I learned to manage pressure, improve my communication skills, and adapt quickly especially after the Citi Bank migration. Unfortunately, management was unresponsive and showed little concern for employee well-being. The culture was heavily politicized, with favoritism and internal politics often overshadowing merit and hard work. There was no work-life balance, and internal politics were overwhelming. Citi staff were treated poorly after the transition, which made things even harder. The hardest part was staying motivated in a toxic environment. The best part was helping customers and resolving their issues—it gave a real sense of accomplishment. Overall, not a supportive place to grow long-term.",2,Senior Executive Officer,Kuala Lumpur,former,2,3,2,1,1,,,1,0,https://malaysia.indeed.com/cmp/United-Overseas-Bank/reviews
16 April 2025,No work life balance,No work life balance Pay is high Stressful working place Good benefit Politic environment Annual leave a lot Manager stress Long working hour Good place to learn,2,,,former,0,0,0,0,0,,,1,0,https://malaysia.indeed.com/cmp/United-Overseas-Bank/reviews
25 February 2025,Staff Experience,"Poor management and leadership, with a lack of recognition for employees who go above and beyond their regular duties. During bonus and increment cycles, staff handling only BAU tasks often receive higher total compensation than those who take on additional responsibilities. Moreover, there is a lack of transparency in the compensation distribution process. Favoritism from both leadership and HRBP influences career growth, resulting in the same individuals receiving promotions every 2–3 years, while others are overlooked. Despite implementing 360-degree feedback and the Employee Engagement Survey (EES), employee concerns remain unaddressed. The work environment is highly political and toxic, with poor work-life balance. The recent acquisition of Citi’s business appears to have been poorly managed, leading to a hiring freeze post-merger. As a result, employees are now handling workloads far beyond their capacity, yet compensation remains minimal, with low increments and bonuses. While it is understandable that the bank must demonstrate profitability to shareholders, it is crucial to acknowledge the efforts of employees who drive this success.",1,Senior Executive,Kuala Lumpur,former,0,0,0,0,0,,,1,0,https://malaysia.indeed.com/cmp/United-Overseas-Bank/reviews
11 February 2025,Great company to work for,Good company to work for. Great benefits and team. Sufficient AL provided. Unlimited health benefits. Flex care provided with more than 10 categories claimable,4,Senior Officer,Kuala Lumpur,current,0,0,0,0,0,,,1,0,https://malaysia.indeed.com/cmp/United-Overseas-Bank/reviews
6 February 2025,Great environment but poor management,"Colleagues are supportive and helpful but management is poor. Impose very strict and lousy rules and most of the time, very pushy and keep forcing staffs to perform OTs.",3,Banking Officer,Kuala Lumpur,former,0,0,0,0,0,,,1,0,https://malaysia.indeed.com/cmp/United-Overseas-Bank/reviews
4 February 2025,A bit challenging,fun workplace if got some friends shift schedule rotate every two weeks good team leader training sometime not enough time good salary and benefit OT they paid salary on time,4,customer service officer,Kuala Lumpur,former,0,0,0,0,0,,,1,0,https://malaysia.indeed.com/cmp/United-Overseas-Bank/reviews
20 January 2025,Best place to learn new things but low pay basic salary,'-Good vibe working here but the basic salary that this company offer was to low. -The workload that you must do was not worth it by the salary offer - Have nice benefit compare to other company,3,Sales executive,Kuala Lumpur,current,0,0,0,0,0,,,1,0,https://malaysia.indeed.com/cmp/United-Overseas-Bank/reviews
18 January 2025,Productive and fun workplace,So far so good. No complaint. Good colleagues and the task can be conducted efficiently. Everyday supply of snacks in the pantry. I love the office environment where it has provided some entertainment space for fun & release stress.,4,Compliance,Kuala Lumpur,former,0,0,0,0,0,,,1,0,https://malaysia.indeed.com/cmp/United-Overseas-Bank/reviews
8 December 2024,Will find a good friend. Everyone will fell the same as you. But overall very bad Team Leader manager. Always pass the job back to you,"If you fresh graduate and want to learn a new skill. Please try this position as you will improve you thinking skill and communication skill. Don't push yourself to hard, but learn and try to slowly to improve your future. Good to try as probation only hahaha. Anyways I find many good friends.",2,CONTACT CENTER,Kuala Lumpur,former,3,4,2,1,1,Have graduate and certification if pass the exam and roleplay,Only give short break,1,0,https://malaysia.indeed.com/cmp/United-Overseas-Bank/reviews
25 November 2024,"Fast paced, great opportunity but no career growth",Good working enviroment but no promotion. Had to leave after 1 year contract. Also micromanagement exist when manager only trust the leader not knowing the real problem from colleague.,3,Contract Officer,Kuala Lumpur,former,0,0,0,0,0,,,1,0,https://malaysia.indeed.com/cmp/United-Overseas-Bank/reviews
6 October 2024,Workplace,Please don’t work here this company is really give a mental health issue and they will demand you to pay 2500 for this job who have slow system and everything look old. I regret joining them. Try other company,1,Customer service officer,Kuala Lumpur,former,1,1,1,1,1,,,1,0,https://malaysia.indeed.com/cmp/United-Overseas-Bank/reviews
4 October 2024,Worst management,"Bad management and worst banking system i had ever work for. The lunch break is on 45 minutes, short break applicable only 15 minutes, the management syok sendiri!",1,Customer Service Officer,Kuala Lumpur,former,1,5,5,1,1,Unlimited medical coverage,"Short break, management suck",1,0,https://malaysia.indeed.com/cmp/United-Overseas-Bank/reviews
25 September 2024,Overall ok,'- can be very stress if you can't hit the sales target - usually will stay until 7pm ++ to do cold calling - need to attend branch morning briefing every day - company willing to provide training to staffs to help us to development softskills - salary at average & quite many campaigns for staff to earn commision,4,Personal Banker,Malaysia,former,0,0,0,0,0,,,1,0,https://malaysia.indeed.com/cmp/United-Overseas-Bank/reviews
17 September 2024,Productive,"Corporate style with multiple hierarchy, you get to survive if you have a strong mentality to cope stress. Stability is there just that need to work hard and sometimes luck.",4,Sales Executive,Kuala lumpur,former,0,0,0,0,0,,,1,0,https://malaysia.indeed.com/cmp/United-Overseas-Bank/reviews
12 September 2024,Good environment,"Most people here are around your age so you’ll definitely be able to get along with everyone there. High salary, especially for fresh graduates who intend to work here",3,Customer Service Operator,Ampang,current,0,0,0,0,0,,,2,20,https://malaysia.indeed.com/cmp/United-Overseas-Bank/reviews?start=20
29 July 2024,Productive and good place to learn,Good place and suitable for a starter or fresh graduate. Supportive colleagues as they always show the guidance towards the new employees. Able to learn a lot of valuable knowledges of how bank operations works on daily basis.,4,Account maintenance service,Kuala Lumpur,former,0,0,0,0,0,,,2,20,https://malaysia.indeed.com/cmp/United-Overseas-Bank/reviews?start=20
20 July 2024,Stressful and Rigid,"Stress and rigid working environment without system and computers upgrade. Software are outdated, payment system is slow and 90s era. Management level is rigid and has no one to one communication. This",3,Treasury Specialist,Kuala Lumpur,former,4,2,2,3,2,Friendly colleagues,Long hours,2,20,https://malaysia.indeed.com/cmp/United-Overseas-Bank/reviews?start=20
23 April 2024,Good Workplace but Overload Task,"Operation Team negative: Lack of staff lead to task overloaded, will be under pressure a lot. Need to cover the task for the colleague that take leave. Need to do a lot of OT but intern/trainee did not get paid OT. positive: The allowance was good. The colleagues are friendly. The environment was okay. Strategic location. If finish work early, can go shopping at Jalan Tar.",4,Intern/Trainee,Kuala Lumpur,former,0,0,0,0,0,,,2,20,https://malaysia.indeed.com/cmp/United-Overseas-Bank/reviews?start=20
16 April 2024,The worst place and management I've ever experienced,"What is the best part of working at the company? Very toxic management style. Worst place I've ever worked at What is the most stressful part about working at the company? The job itself is stressful (the flow, the calls, the volume). The management doesn't help, but adds more stress What is the work environment and culture like at the company? Toxic, bad, negative. Simply appalling",1,Senior Customer Service Officer,Kuala Lumpur,former,0,0,0,0,0,,,2,20,https://malaysia.indeed.com/cmp/United-Overseas-Bank/reviews?start=20
9 April 2024,Bad experience,"Wished I check glassdoor reviews before joining. Colleagues are nice, some team leaders aren't helpful at all and will look down on you if you don't know certain things. Management doesn't care about you.",1,Customer Service Officer,Kuala Lumpur,current,0,0,0,0,0,,,2,20,https://malaysia.indeed.com/cmp/United-Overseas-Bank/reviews?start=20
18 March 2024,good for learning something new,"good colleagues, good environment and good management. No toxic and eventho you were overwhelmed with heavy workloads, but its okay. The team really supportive and helpful especially when youre having trouble/problem in your work. You can learn a lot from the team. I miss my teamates so much.",1,fraud analyst,Kuala Lumpur,former,0,0,0,0,0,,,2,20,https://malaysia.indeed.com/cmp/United-Overseas-Bank/reviews?start=20
7 March 2024,Good company,"Overall ok, management ok, benefits ok, paid on time , supportive team, good bank, good allowance, good salary, good benefits, good system, treat us fairly ,",5,Personal wealth executive,Kuala Lumpur,former,0,0,0,0,0,,,2,20,https://malaysia.indeed.com/cmp/United-Overseas-Bank/reviews?start=20
3 February 2024,Fast paced but try to connect with competent seniors/colleagues,"1. You need to have communication skills including negotiation, patience, and listening skills to assist the customers with their inquiries outstandingly. Customers are generally normal and sane. Regardless they might rant because they are having difficulties. Just assist, advise, and resolve. 2. Systems are numerous. Getting used to its interface. Your daily tasks may help you to improve how to utilize them. Also, please give ample time to catch up and get used to the systems even though OIC might not assist you many times. Some OICs did good things when they willingly shared notes about raising the service request. You just need to refer. 3. The 1-month training class might not be enough, the notes you can't gather from outside of class. So for those who want to revise, please jot down clearly inside your notebook. Once you hit the floor, you only can refer to their Infohub system or your simplified notes. You try to focus on the necessary topic first. Ask your trainer the most common inquiries about EACH topic. Because trust me, you can't remember 100% from class to call floor later on. 3. OICs might be helping you but they will expect you to work independently, and catch up so fast. Sometimes, they might get irritated when you ask twice because they think they already explained thousands of times. Perhaps the same questions also come from your colleagues. So for those who are not familiar with banking terms/products, if your background is not related to banking/financials, you have to learn yourself. This one is supposed to be okay, but if you need them and they don't entertain willingly, definitely that will let you down. 4. Systems are fine except I only encounter difficulties with R*W**, it needs to be redesigned to a friendlier interface at least for those agents. I think it's too chaotic and tedious. Just need to make it readable so that easier to answer the enquiries instead of arranging a callback because you usually need more time to extract the info. 5. No work-life balance, kindly expect this as you need to perform follow-ups. But, as recommended by OICs/seniors, try to multitask by submitting the SR while talking with customers. Either listen to rants and do your job, or just put them on hold to submit the SR, both have been practiced there. You can choose to claim OT as well at the end of the shift to submit the SR but extra works that you have to get validation from your OICs or TM. Despite this being normal, they needed to check first. 6. I realized that OICs might have different understandings. So well equipped yourself with knowledge, and practiced to rely on many OICs/TMs for the same inquiries. You will notice to get different answers. 7. The job is fun, especially for those who like to talk to people and assist them. I wanted to stay but I felt disappointed for a couple of reasons, which made me resign. But rest assured, if you have REALLY good support and fun colleagues, you actually can survive.",3,Customer Service Officer,Kuala Lumpur,former,3,4,3,3,2,Benefits/Salary for fresh graduates/ OT claims,Support,2,20,https://malaysia.indeed.com/cmp/United-Overseas-Bank/reviews?start=20
21 January 2024,Unclear commission,"Low salary good colleagues manager is not professional and experienced, need to find the solution and solve the problem by yourself. Unclear commission calculate",3,Mortgage specialists,Kuala Lumpur,current,0,0,0,0,0,,,2,20,https://malaysia.indeed.com/cmp/United-Overseas-Bank/reviews?start=20
16 January 2024,"Good compensation, bad operating system","Good compensation in term of flexi care which you can claim for flight, sport items, hobby class ++. Fun to mix around with other departments as everyone is in an open office. But, - paperwork overload - learned nothing - less guidance - No standard guidelines can follow (not sure whether is the manager itself problem). - Slow operating system. - When come to salary/OT/claim/commission, leader always try to deceive(always need to further find out with HR).",3,"Senior Officer, Mortgage Specialist",Kuala Lumpur,current,0,0,0,0,0,,,2,20,https://malaysia.indeed.com/cmp/United-Overseas-Bank/reviews?start=20
14 January 2024,good experience,good experience and trained to become good customer services. They trained you to become professional in handling customer Good experience in banking system Friends are very friendly Making new friends and helpful friends,5,customer service,Kuala Lumpur,former,0,0,0,0,0,,,2,20,https://malaysia.indeed.com/cmp/United-Overseas-Bank/reviews?start=20
14 January 2024,Productive and good for self advancement,"UOB Customer Service Representative is a career that will help you prepare yourself with skills such as time management skills, multitasking, productivity management and you grow and stretch to go above and beyond to put a smile on customer’s face.",5,Customer service officer,Intermark,current,0,0,0,0,0,,,2,20,https://malaysia.indeed.com/cmp/United-Overseas-Bank/reviews?start=20
7 January 2024,Amazing experience,Learned a lot of skills. Very helpful managers that guides me in any way possible. Made many amazing friends . Pretty straightforward .,4,Customer service,Kuala Lumpur,former,0,0,0,0,0,,,2,20,https://malaysia.indeed.com/cmp/United-Overseas-Bank/reviews?start=20
27 December 2023,Good benefits,Entitled to COVID-19 test claim High internship allowance compared to other companies Superior & colleagues willing to teach & help intern Flexible working hour,5,Intern,kuala lumpur,former,0,0,0,0,0,,,2,20,https://malaysia.indeed.com/cmp/United-Overseas-Bank/reviews?start=20
16 December 2023,Multitask,"You need to be good in multitasking because everything is going to be fast, you should learn to look for the solution by yourself in order for you to learn it.",5,customer service officer,malaysia,current,0,0,0,0,0,,,2,20,https://malaysia.indeed.com/cmp/United-Overseas-Bank/reviews?start=20
22 November 2023,They don’t care about your skills,"They don’t really cater the roles to your skillset, and see you as contract staff despite calling the programme graduate trainee. Waste of time coming here. They don’t value talents at all.",2,FSTEP trainee,Kuala Lumpur,former,0,0,0,0,0,,,2,20,https://malaysia.indeed.com/cmp/United-Overseas-Bank/reviews?start=20
7 November 2023,Good Starting salary,One of the good place to start as a fresh grad. need to have good communication skills. good starting salary. Good company culture. Friendly team and nice colleague,3,Customer Service,Kuala Lumpur,former,3,3,3,3,3,,,2,20,https://malaysia.indeed.com/cmp/United-Overseas-Bank/reviews?start=20
18 October 2023,Fun workplace and flexibility,the vibes and surrouding are goods for those who are not that kind of oldschool generation. very flex and fun workplace as u can work from anyplace in the office building. would recommend for those who seeking to starting a career in banking,5,CONTRACT OFFICER,Kuala Lumpur,current,0,0,0,0,0,,,2,20,https://malaysia.indeed.com/cmp/United-Overseas-Bank/reviews?start=20
15 October 2023,No work life balance,"No ot pay even you come earlier and need to stayback. Bad pay. They even dont care to tell you about new bank policy. TL also useless, dont how to help to solve the problem, always ask you refer to your own note during training. Overall they are useless and dont even care about you, and will kerah you selagi boleh",3,Contact centre,Kuala Lumpur,former,0,0,0,0,0,,,2,20,https://malaysia.indeed.com/cmp/United-Overseas-Bank/reviews?start=20
9 October 2023,"High Expectation, minimal training",High expectation to deliver but minimal training to support expectation. High call volume but under staffed. Daily calls of unhappy customers calling to comlpain,3,Customer Service,Kuala Lumpur,former,0,0,0,0,0,,,3,40,https://malaysia.indeed.com/cmp/United-Overseas-Bank/reviews?start=40
8 October 2023,Workplace Culture,"Not for everyone. Learn as much as you can and get out. Two types of employees. The progressive and the insecure. The insecure are immature, unprofessional, real bullies.",3,Manager,Kuala Lumpur,current,0,0,0,0,0,,,3,40,https://malaysia.indeed.com/cmp/United-Overseas-Bank/reviews?start=40
18 August 2023,Bad Management,"Good benefit, culture good and above average pay but bad for high management. Need to improve on performance evaluation through statistics else the performance will just be manipulated for their shoe polisher.",4,Fraud prevention officer,Kuala Lumpur,current,0,0,0,0,0,,,3,40,https://malaysia.indeed.com/cmp/United-Overseas-Bank/reviews?start=40
20 July 2023,Good benefit with bad management,Good benefit with modern office design. Politics are prevalent and management is unsupportive and you will be gaslighted if you speak up. Can enjoy free coffee in pantry.,1,Specialist,Kuala Lumpur,former,2,3,1,1,1,Free coffee,politics,3,40,https://malaysia.indeed.com/cmp/United-Overseas-Bank/reviews?start=40
19 July 2023,Good benefit but unreliable management,Good benefit with modern office design. Can be a good learning place. Management is not supportive and you will become the villain for speaking up (depending on department I guess).,3,Manager,Kuala Lumpur,former,0,0,0,0,0,,,3,40,https://malaysia.indeed.com/cmp/United-Overseas-Bank/reviews?start=40
28 June 2023,ok comany,"good place to work , with great benefit Tight dateline with office politic as expected. The higher your post is, the more politic will come to you, no matter how you want to avoid it.",3,VP2,Kuala Lumpur,current,0,0,0,0,0,,,3,40,https://malaysia.indeed.com/cmp/United-Overseas-Bank/reviews?start=40
13 June 2023,Work life balance but low salary increment,Pro : nice and friendly colleagues Con: Low salary increment and low bonuses. Terrible superiors with little knowledge and like to blame staffs when anything happens.,3,Manager credit analyst,Kuala Lumpur,current,0,0,0,0,0,,,3,40,https://malaysia.indeed.com/cmp/United-Overseas-Bank/reviews?start=40
18 May 2023,Great salary for fresh grad,"Fast-paced working culture with overload work to attend cm enquiries within time. working in an environment where you feel trapped when every second counts and can be an issue even for prayer and toilet breaks were exceed the limit time. However, its great experience to be able working with this bank, learn in hardway but my mental not able to carry on.",4,Customer service office,Kuala Lumpur,former,3,5,5,4,4,Great colleagues,Split lunch break,3,40,https://malaysia.indeed.com/cmp/United-Overseas-Bank/reviews?start=40
20 April 2023,Good rate for loan,"Good rate for loan, is a strong point to attract loan application. The turnover rate of staff is high due to low sales volume. People always come and go.",2,Mortgage Specialist,Sarawak,former,4,4,4,4,2,,,3,40,https://malaysia.indeed.com/cmp/United-Overseas-Bank/reviews?start=40
2 April 2023,Good money but environment is killing you,"Working 8 months here and resign. Work is a bit pressure, but bearable. If you working different shift with your batch, it so hard to have conversations with others. Everybody there JUST WORK. You are dead there. Dead soul working machine. If you emotionally strong, this is the best place. Pay is good always have double pay ot",3,Senior officer customer service,Intermark,former,0,0,0,0,0,,,3,40,https://malaysia.indeed.com/cmp/United-Overseas-Bank/reviews?start=40
7 March 2023,Friendly senior staff and comfortable working environment,"Friendly staff and senior guide me patiently during probation period, comfortable working environment and nice superior. Work life balance culture able to learn a lot of thing there.",5,"Mortgage Specialist, Senior Officer",Muar,former,3,4,4,4,4,Healthcare and free lunch during MCO,,3,40,https://malaysia.indeed.com/cmp/United-Overseas-Bank/reviews?start=40
27 January 2023,High salary but stress environment,"I was hired with contract because this job is high turnover, no wonder lo. If you didn't not finish the contract time, you will be charge Rm2500 to pay to them as the training bond. The job was so stressing your mind. Everyday have to hear complaints which is the part of the job. If you priorities your mental health, I do not recommend this job. They have the kpi you need to meet, they always keep telling you to shorten the time call but you need to wrap in CRM. It so stressful. If the queries still pending and appeal, you still need to keep on updates where we have many calls that we tend to forget. I got anxiety because always intimidate with the calls. If you handle chat or email, I still consider, but if inbound or outbound calls, think on your mental health. Pros- if you achieve target on that day, they will treat the meal. They provide free beverage vending machine which provide you coffee, cordial and refreshing beverage. You have 1 hour break. Then 30 minutes extra. You have to sacrifice your time because some shift can end at 1am, and start at 6am. Salary is high for fresh graduate which is 2.7k. Your manager is so supportive and understanding, but the call environment too stressful. 4 minutes from lrt ampang Park, which in located at intermark mall.",3,Contact Center Agent,Ampang Park,former,0,0,0,0,0,,,3,40,https://malaysia.indeed.com/cmp/United-Overseas-Bank/reviews?start=40
20 January 2023,The salary is good,The salary is good for fresh graduates. However the there are too much workload and follow up need to be done after end shift. Too often I need to stay back after end shift to complete work amd cannot claim OT as it only count if taking calls.,3,Customer Service Representative,Kuala Lumpur,current,0,0,0,0,0,,,3,40,https://malaysia.indeed.com/cmp/United-Overseas-Bank/reviews?start=40
11 January 2023,Fun workplace & Fast Pace,There was training provided. Fun working environment & benefits were great. The workplace culture is enjoyable and colleagous are friendly. Senior/team leaders are very helpful and supportive. Just needed to be mentally strong when communicate with customer.,5,Call Centre Executive (Call Centre),Kuala Lumpur,former,4,5,5,4,5,"Management is great, suppportive subornates, training provided, overtime paid","Short breaks, handling difficult customers",3,40,https://malaysia.indeed.com/cmp/United-Overseas-Bank/reviews?start=40
1 January 2023,A challenging workplace with many concurrent projects to manage and daily back to back projects meetings and software applications testing.,"A well managed organization with strict and extensive risk management in place. Colleagues are all busy with their duties and achieving results leaving very little time for interpersonal interactions. A typical day for Team Lead is packed with projects meeting, discussions leaving very little time to perform paperwork, administrative work, planning and analysis during working hours, as need to work until almost wee hour daily. The hardest part of the job is workload and the most enjoyable part is that you get to learn a lots.",3,Team Lead,Kuala Lumpur,former,2,3,2,2,2,Extreme workload,A place to develop and fully utilize your skills,3,40,https://malaysia.indeed.com/cmp/United-Overseas-Bank/reviews?start=40
12 September 2022,A bit stressful,The job are fun to take as knowledge & experience but bad in culture of work. U can be a good worker if you work with a good leader. Recommend depend on department,5,Junior officer,Kuala Lumpur,former,4,5,4,4,3,,,3,40,https://malaysia.indeed.com/cmp/United-Overseas-Bank/reviews?start=40
30 August 2022,Stern and tensed,You’ll have to ask for permission to even just go to the washroom especially during high call volume. Customer complaint = your problem regardless was just customer’s emotion with the bank Superior shouting here and there to meet SLA 24 hours high call volume They’ll fix your break time means u can’t break with your buddy AL is constantly not being approved have to book months ahead Being trained for many skills means more responsibility but salary remained,3,Senior Officer,Kuala Lumpur,former,1,2,2,1,1,Learned in a hard way,Toxic environment,3,40,https://malaysia.indeed.com/cmp/United-Overseas-Bank/reviews?start=40
4 August 2022,工作环境很好。,"most of the times colleagues willing to help along. No OT require for my team , On and off most of time. manage to have work life balance",4,Senior Executive Assistant,Kuala Lumpur,current,4,4,3,3,5,no OT,slow promotion at operation team even after five years persue,3,40,https://malaysia.indeed.com/cmp/United-Overseas-Bank/reviews?start=40
21 July 2022,Foreign Bank,"Outdated system and processes are very manual, lots of excel reports to prepare, many levels of system approvals going through different departments. Mostly good colleagues that are very friendly and willing to guide.",3,Analyst,Kuala Lumpur,current,2,4,4,3,4,"Bank benefits, block leave",No work life balance,3,40,https://malaysia.indeed.com/cmp/United-Overseas-Bank/reviews?start=40
13 May 2022,Good Employer & Staff Benefits,"Good staff benefits, such as medical benefits, health check, optical/dental, staff loans, etc.. But slow promotion if didn't participate in any project/UAT testing.",5,Senior Officer (RLOC-AP),Kuala Lumpur,former,4,5,4,4,4,Good Staff Benefits,Slow promotion,3,40,https://malaysia.indeed.com/cmp/United-Overseas-Bank/reviews?start=40
30 March 2022,Great place for start,"Amazing place for start of career but advancement is minimal and pay is very low, very political as the culture is very traditional, colleagues are usually old people who are reluctant to learn and change",3,FSTEP Trainee (Global Development & Strategic Alliances),Kuala Lumpur,former,5,2,1,4,2,,,4,60,https://malaysia.indeed.com/cmp/United-Overseas-Bank/reviews?start=60
6 March 2020,Fun workplace,"(1) Worklife balance. (2) Good training provided to all staffs. (3) Work was quite challenging. (4) The company always organised activities such as yearly fun run, treasure hunt, food hunt and many more.",3,Vice President - Islamic Legal,Kuala Lumpur,former,4,4,4,4,3,,,4,60,https://malaysia.indeed.com/cmp/United-Overseas-Bank/reviews?start=60
2 March 2020,Good environment work place,Very professional. Very discipline yet respected by other collegues and management. The collegues and management are working hand in hand. You can gain worth of working experience.,5,Sales Manager,Kuala Lumpur,former,3,5,5,5,5,Good paid,Work load,4,60,https://malaysia.indeed.com/cmp/United-Overseas-Bank/reviews?start=60
22 February 2020,Good,"Get to understand the flow of investment such as share, unit trust, Banca and bond. Such a good experience working in bank. They teach how to dress up and provide a better customer service.",5,Personal Banker,Kuala Terengganu,former,4,5,5,5,4,,,4,60,https://malaysia.indeed.com/cmp/United-Overseas-Bank/reviews?start=60
12 February 2020,more to speed action,"I enjoy to work at UOB, hope can get a better job with a close family friends there. even though the job is more but can segregate the work and arrange the time properly.",4,Administration-Cash Management Dept.,Kuala Lumpur,current,4,3,3,3,4,,,4,60,https://malaysia.indeed.com/cmp/United-Overseas-Bank/reviews?start=60
2 January 2020,Ideal workplace environment,"Here in Malaysia, people are friendly and helpful. Projects are also manageable and on track. Overtime is minimal and can be offset. And teammates are reliable and cooperative,",5,Senior Application Analyst,Kuala Lumpur,current,5,4,4,5,5,Lengthy lunch breaks,Slow machine during critical times,4,60,https://malaysia.indeed.com/cmp/United-Overseas-Bank/reviews?start=60
19 December 2019,Stressful,The people i work with in UOB is very helpful. The environment is very stressful and people easily get sick. But it’s good that I am able to learn with regards to banking industries.,2,Senior Officer,Kuala Lumpur,former,2,4,2,2,2,,,4,60,https://malaysia.indeed.com/cmp/United-Overseas-Bank/reviews?start=60
21 November 2019,"Toxic environment, terrible work culture","Branch is non-progressive, backward and unwilling to change for better which borders on unproductivity and laziness, superiors extremely biased towards subordinates and shamelessly showing favoritism, focus on tedious matters instead of important issues, taking initiatives to help is always met with backlash, some colleagues rude and impatient, and all that wrapped up in office gossip and politics.",1,Banker,Malaysia,current,1,3,1,1,1,,,4,60,https://malaysia.indeed.com/cmp/United-Overseas-Bank/reviews?start=60
3 November 2019,"Productive, Fast Pace & Stressful Place.","Handling Sgpore sector calls,you need to be really attentive & able to cope fast pace in quite a high pressured environment. However they really do have good trainers, benefits & highly paid Overtime rate,depending on your ability to grab our chances as there will be allocation of slots.",4,Senior Officer,"The Vista Tower,KL",former,0,0,0,0,0,,,4,60,https://malaysia.indeed.com/cmp/United-Overseas-Bank/reviews?start=60
1 July 2019,Good working environment,I have a good boss who always willing to share and guide us on the job. My team members are also supporting each other very well and we gain trust among the team members. With the good bonding we able to work together and completed many project together.,4,Vice President,Kuala Lumpur,current,4,4,5,4,4,Understanding bosses and colleagues,Less career advancement,4,60,https://malaysia.indeed.com/cmp/United-Overseas-Bank/reviews?start=60
19 May 2019,Good working environment and friendly colleague,"I had learned about how to solve customer question in the shortest time through a phone call and have some basic knowledge that how bank work. At the same, this job help me to improve my communication skill very well. The culture in the company is more good than enough, leaders are very kind to help and suggest some solution when facing any difficulties that really unable to solve. I think this was also a kind of best way for me to learn from them.",4,Customer Service,Kuala Lumpur,former,4,3,3,4,5,,short break,4,60,https://malaysia.indeed.com/cmp/United-Overseas-Bank/reviews?start=60
26 April 2019,Fun,"it has a very good and fun working environment, that also provides me to learn a lot of new things and allow me to improve my communication skills and enhance my multitasking.",5,Customer service,Kuala Lumpur,current,5,5,5,5,5,,,4,60,https://malaysia.indeed.com/cmp/United-Overseas-Bank/reviews?start=60
7 January 2019,Aim for the best attitude,"People working in UOB has this quitters never win attitude, which I find very positive. The management push to meet the target and dont forget to remind their employees everyday, One goal, to go up.",4,Customer Service Officer,malaysia,former,2,4,3,3,3,,,4,60,https://malaysia.indeed.com/cmp/United-Overseas-Bank/reviews?start=60
7 January 2019,Productive environment,learn how to manage time and handling customers better meet new friendly colleagues good management many good benefits such as allowances and medical coverage,4,Customer Service Officer (Contract),Kuala Lumpur,former,3,4,4,3,4,,,4,60,https://malaysia.indeed.com/cmp/United-Overseas-Bank/reviews?start=60
30 December 2018,Great place to work,A great place to work. Staffs are friendly and approachable. Able to learn and develop within the organization. Recognition will come through if progress is shown to the management.,4,Assistant Vice President,Kuala Lumpur,former,4,4,4,4,4,Learning through Job,Require Late hours work,4,60,https://malaysia.indeed.com/cmp/United-Overseas-Bank/reviews?start=60
26 December 2018,Productive working place,Full guidance on job roles with training courses based on the banking products. Helpful supervising staffs for newly hired staffs. Remarkable supervising system for service quality control.,5,Customer Service Officer,Kuala Lumpur,former,3,4,4,3,4,Bonus,Parking spot,4,60,https://malaysia.indeed.com/cmp/United-Overseas-Bank/reviews?start=60
16 November 2018,Productive and multitasking,"A typical day working in this company is busy. What I learned from this job is how to multitask and a lot of exposure to financing and banking industry. Now I know a lot more about how banking works, what to do and what not to do.",4,Customer Service Representative (Senior Officer),Kuala Lumpur,former,3,5,4,3,3,,,4,60,https://malaysia.indeed.com/cmp/United-Overseas-Bank/reviews?start=60
30 October 2018,Requirement from BNM for all participating JomPAY banks to allow their ATM’s to perform JomPAY bill payment .,Requirement from BNM for all participating JomPAY banks to allow their ATM’s to perform JomPAY bill payment . We Create five New Auxiliary Txn Code to support Jompay payment including TLTX Para setup for debit and credit leg and develop new program to print daily and monthly jompay payment report . FTP para setup to transfer all report to user location folder for verification.,3,Developer/Analyst,kuala lumpur,former,3,3,3,3,3,contract,contract,4,60,https://malaysia.indeed.com/cmp/United-Overseas-Bank/reviews?start=60
3 October 2018,Good for fresh graduate to kick off their career,"The working environment is fairly good. We do not need to work for extra long hours, just the office hour. The company culture is okay, but lack of future career advancement leads me to find other job",3,Senior Officer Finance,Kuala Lumpur,former,4,3,2,2,2,"good location, surrounded by public transport","contract offered to staff for a short period, 5 months",4,60,https://malaysia.indeed.com/cmp/United-Overseas-Bank/reviews?start=60
24 September 2018,No work life balance,'- No work life balance - A lot of jobs but not enough manpower - Everyday need to stay back late but no OT - Politic in the office - Too many turnover in a year,1,ACCOUNT MAINTENANCE OFFICER,Kuala Lumpur,former,1,1,1,1,1,Nothing,,4,60,https://malaysia.indeed.com/cmp/United-Overseas-Bank/reviews?start=60
13 September 2018,fun workplace,Very good company for starters. Compliance are very standard and functional. Pantry is prepared in very well manner. Staffs are recruited using contract.,4,Customer Service Senior Officer,Kuala Lumpur,former,4,5,5,3,4,incentive,leaves,5,80,https://malaysia.indeed.com/cmp/United-Overseas-Bank/reviews?start=80
9 September 2018,Numerous skill develope,'-Able to gain numerous skill that needed in this position -Enable us to make effective time management on the task that w need to complete. -Teamwork spirit,5,senior officer,Kuala Lumpur,former,2,5,5,4,4,medical claim,work life no balance,5,80,https://malaysia.indeed.com/cmp/United-Overseas-Bank/reviews?start=80
22 August 2018,Loved working there,Friendly boss and staff. Nice office environment. Supportive boss and open to new ideas especially filling system. Loved working there. Clean and spacious office,5,Clerk,Kuala Lumpur,former,0,0,0,0,0,,,5,80,https://malaysia.indeed.com/cmp/United-Overseas-Bank/reviews?start=80
29 July 2018,fun workplace,the company has a great culture which is no gap between staff and manager so its easier to share something with the management. The company also understand muslim such as provided 2 diff pantry for halal and non halal.,4,senior officer,Kuala Lumpur,former,4,4,4,4,5,free food during OT,short break during maintainance,5,80,https://malaysia.indeed.com/cmp/United-Overseas-Bank/reviews?start=80
21 June 2018,Great experience and good working environment,"This is my first job,and throughout the working period, in the field that was way out of my study relatedness, this company do provide good training and good working environment.",4,SENIOR OFFICER (CUSTOMER SERVICE),Kuala Lumpur,former,3,4,4,4,4,Great OT pay and shift allowance,Time shift,5,80,https://malaysia.indeed.com/cmp/United-Overseas-Bank/reviews?start=80
21 June 2018,Exciting opportunities to interact with various stakeholders,"A typical day begins at 8.45 a.m. by employees checking into office and signing their name on the register book. An employee would start going through client files and make a list of important appointments and requests in order to establish priorities and enhance workflow efficiency and effectiveness. In between, the employee may initiate or receive communication from the client on matters involving banking services and products. Around lunch hour, depending on the level of activity in the office, the employee could arrange for a lunch meeting with colleagues or clients who are seeking additional facilities or information on term deposit rates. The cycle then repeats until after lunch where the employee continues to review business cases and address various events at they come from both internal and external stakeholder groups.",4,Credit management trainee,Kuala Lumpur,former,3,3,3,3,2,,,5,80,https://malaysia.indeed.com/cmp/United-Overseas-Bank/reviews?start=80
16 June 2018,Fast pace working environment,"Give high attention on details. Abide to regulatory requirement. Emphasize on data accuracy. Understand the importance of teamwork, deliver the correct information to the right person. Work under stress and complete tasks given before deadline.",3,Senior Officer,Kuala Lumpur,current,3,3,3,2,3,Learn a lot of technical skills and soft skills,Weak engagement among colleagues,5,80,https://malaysia.indeed.com/cmp/United-Overseas-Bank/reviews?start=80
4 May 2018,Gain a lots of experiences!,"Enjoyed and can learn so many things! Freedom and flexibility in your work, great people, complete transparency in all aspects of business including appraisals and profit sharing. opportunities are given to people who show initiative and performance",4,Contract Officer,Petaling Jaya,former,4,4,4,4,4,,,5,80,https://malaysia.indeed.com/cmp/United-Overseas-Bank/reviews?start=80
1 May 2018,Good and supporting staff,"From the first day working until the end, I received full support from the staff on how to manage my work and all help I need. The supervisor are very friendly.",3,Contract Officer,Kuala Lumpur,former,2,2,3,3,3,Free drinks,Work overtime until late night,5,80,https://malaysia.indeed.com/cmp/United-Overseas-Bank/reviews?start=80
29 April 2018,Providing Opportunity to learn. Training provided,Good experience. Learned alot. Training provided for every new employee. Friendly working colleagues. Flexible working time. I'm not from banking background yet they still hire me and guide me through.,3,"UA Tester, senior executive",Kuala Lumpur,current,3,3,3,3,3,,,5,80,https://malaysia.indeed.com/cmp/United-Overseas-Bank/reviews?start=80
20 November 2017,Proactive,The management is very proactive in educating its employees. However too much of changes all at one go is quite taxing on the employees. The management is also very concern about the work-life balance ideology but it is still in its elementary stage. They need to mature with their implementations and ensure all departments reap the fruits of the implementation instead of only certain departments.,4,"Operations Officer, Ranking Manager",Petaling Jaya,current,4,4,4,4,4,flexi hours,long hours,5,80,https://malaysia.indeed.com/cmp/United-Overseas-Bank/reviews?start=80
13 November 2017,Fun Workplace,"Alot of celebration after sales target met. As Malay staff is minority in Sales department, bosses gave full support to get us hit target. Pleasant working environment to encourage efficient productivity.",4,Senior Officer (Mortgage Specialist),Klang,former,5,5,3,5,4,"Dinner at 5 Star Hotel, Overseas Trip",,5,80,https://malaysia.indeed.com/cmp/United-Overseas-Bank/reviews?start=80
7 October 2017,Productive and good enviroment.,Many things that ive leant in UOB especially in banking line. As a teller i can build my communication with the customers as my job is dealing with customers everyday. A lot of knowledge regarding banking industry that i have gain. From zero until now im still learning bout banking product. This is my second job and it is the most enjoyable experience in my life.,4,Teller,Petaling jaya,current,4,5,4,4,3,"Free lunches if short if staffs, medical benefit",None,5,80,https://malaysia.indeed.com/cmp/United-Overseas-Bank/reviews?start=80
11 September 2017,Sytematic workplace,"Learn systematic schedules is essential especially when meeting deadlines. Multiracial colleagues environment was so enjoyable as they shared their knowledge and culture especially during festivals,",4,Senior Officer,Ampang park,current,4,4,3,3,3,Medical benefit,Long hours,5,80,https://malaysia.indeed.com/cmp/United-Overseas-Bank/reviews?start=80
24 August 2017,Potential grow company,is looking forward to be regional and world most trusted bank. management is pay attention toward how to rewarding staff. learning lot from this bank when i entered to this organization as a senior officer. bank giving me great opp for the grow and room for me to learn from so to department head.,4,Senior IT Manager,Kuala Lumpur,current,3,4,3,3,3,,,5,80,https://malaysia.indeed.com/cmp/United-Overseas-Bank/reviews?start=80
2 July 2017,Healthy work environment,Good work environment and culture. Bonus is performance based. Great management team that is supportive and helpful. Employees efforts are recognized.,3,Assistant Vice President,Kuala Lumpur,current,3,3,3,3,3,,,5,80,https://malaysia.indeed.com/cmp/United-Overseas-Bank/reviews?start=80
3 June 2017,Non flexible working hours,I was worked with the company for about 2 and half years. During my 1st year I was doing the collection call without commissioned based & on the 2nd year until I was resigned then I was doing the collection call with commissioned based which I was a top collecter among my team for few months.,3,Credit Control Officer,Kuala Lumpur,former,3,3,3,3,3,,,5,80,https://malaysia.indeed.com/cmp/United-Overseas-Bank/reviews?start=80
30 May 2017,"Productive, work oriented",To learn and earn we can be in this bank but we need to sacrifice alot on our personel life. Maybe other departments are find. Less motivation only negative mood while ste into the workplace.,2,Senior Officer,Kuala Lumpur,current,1,3,2,1,1,Learning point,No healty life balance,5,80,https://malaysia.indeed.com/cmp/United-Overseas-Bank/reviews?start=80
23 April 2017,Nice,Quite good experience for this time. It's a good company with good colleagues and also good working environment. But the management have to be more better.,5,PERSONAL BANKER,Miri,former,3,5,5,3,4,,,5,80,https://malaysia.indeed.com/cmp/United-Overseas-Bank/reviews?start=80
18 April 2017,Cheerful and Productive Environment,"The most enjoyable part of the job is the friendly culture showed by the staff. The free drinks at the pantry make me fresh all the time. The management is well and get a lot of opportunity that improve my self in term of communication and time management. The hardest part is when work in a team, cooperation and workload is combine together so that it was trained me to be patient and experience the stressful environment.",4,World Check Bank Officer,Kuala Lumpur,former,4,4,4,4,4,Free Soft Drinks at the pantry,Difficult of excess card.,5,80,https://malaysia.indeed.com/cmp/United-Overseas-Bank/reviews?start=80
10 April 2017,Good company,"I worked in UOB during 1993 till 1997. I learned a lot from the bank especially on the credit management as well as international trade. Good environment as the customers are very royal to the bank. Also, strong management team.",3,Senior Officer,Penang Malaysia,former,0,0,0,0,0,,,6,100,https://malaysia.indeed.com/cmp/United-Overseas-Bank/reviews?start=100
27 February 2017,Excellent environment,"Great place to work with,the benefit,the offers all great ,there might be lacking to have our own time,(it's a shift hour basis).but the leaders,and colleagues are great! Everyone are friendly and helpful.",4,Uob Centre of excellence(UcOE),Ampang,former,3,4,3,3,4,Better in salary and environment,"Short break, restricted time",6,100,https://malaysia.indeed.com/cmp/United-Overseas-Bank/reviews?start=100
25 December 2016,high staff engagement between one and another,Fun workplace with high staff engagement between one and another. A place to develop your skills and confident level. Staff have a chance to grow up their skills.,3,Assistant Manager,Kuala Lumpur,current,3,3,3,3,3,Good staff engagement,Required longer working hours until 12pm each day..,6,100,https://malaysia.indeed.com/cmp/United-Overseas-Bank/reviews?start=100
12 October 2016,No work life balance,"Not able to apply what I am good at. Too stressful and no work life balance. Limited resources. In summary, the task given is not what I expected and am not interested with the support and expectation. Too rigid and not flexible in terms of sharing of ideas and decision making.",2,banking,Malaysia,current,1,3,3,2,2,stability,no work life balance,6,100,https://malaysia.indeed.com/cmp/United-Overseas-Bank/reviews?start=100
30 September 2016,Helpful colleagues and team leaders.,Even the was under pressure work I enjoyed working there. The team leaders are great helping each others when any problems happen. Colleagues with different cultures are helping each other.,5,Operation Officer,"Jalan Raja Last, Kuala Lumpur",current,5,5,5,5,5,free tea break,Short break,6,100,https://malaysia.indeed.com/cmp/United-Overseas-Bank/reviews?start=100
20 September 2016,productive,contract job learned about management & customer service skills lots of friends most challengge part : to make customer feel secured with bank & we understand their problem,4,Customer Service Officer,Kuala Lumpur,former,4,3,4,3,4,office hour,,6,100,https://malaysia.indeed.com/cmp/United-Overseas-Bank/reviews?start=100
20 September 2016,Friendly environment,"Having worked in the Bank for almost 40 years, I would say it was like my second home. Depending on which unit you work with, it can be very busy and hectic. If I worked in the telecommunication centre where we receive messages from all over the world and having different time zones, I begin my day early and rushing to sort out incoming messages and also very hectic towards end of the day when messages have to go out. We have great teamwork and work with a great sence of urgency with my colleagues. The hardest part was when trade export documents go missing, resulting in importers not being able to get hold of their goods and incurring demurrage charges. It was great to have our co-workers who were helpful and hadworking.",4,Assistant Vice President,Kuala Lumpur,former,4,3,4,4,4,Good year end bonus,Very hectic,6,100,https://malaysia.indeed.com/cmp/United-Overseas-Bank/reviews?start=100
21 August 2016,Great learning place,"'- mostly complete all the work by your own self. In return, you learn alot - Great knowledge provider. - Great colleagues - stable management as the management prefer own trained or own employee.",3,Marketing Manager,Malaysia,former,3,3,4,3,4,learn a lot throughout the work process,too many admin work for a sales person.,6,100,https://malaysia.indeed.com/cmp/United-Overseas-Bank/reviews?start=100
7 August 2016,a perfect place to enhance individual skills.,"Need to spend extra time to finish off workloads for the hole day. i learned on how to do time management properly. people around me are good people to work with. struggles appears when there is an update after an update and it contradicts with each other. overall, it was fun.",4,senior officer,Kuala Lumpur Malaysia,current,4,4,4,4,4,well compensated employees,unstable process,6,100,https://malaysia.indeed.com/cmp/United-Overseas-Bank/reviews?start=100
26 May 2016,Good bank,provide good training to the staff. fair reviews on staff performance and reward accordingly. there is so much to learn. it is great working experience.,4,accounts relationship manager,Malaysia,current,2,4,5,5,4,,,6,100,https://malaysia.indeed.com/cmp/United-Overseas-Bank/reviews?start=100
21 May 2016,best work place,i have to well organize my work accordingly so that i can manage on time to finish the daily task and follow ups.I have to check invoice and delivery order or shipping documents are in order. I have to perform Fircosoft in order can send payments to suppliers. I also have to check trade limit whether customer can utilize the limit given. Have to calculate tenor and all in rate for the day.,3,Senior Officer,Malaysia,current,3,3,4,3,3,"unlimited medical, dental and optic, extra epf contribution",,6,100,https://malaysia.indeed.com/cmp/United-Overseas-Bank/reviews?start=100
24 April 2016,Productive,United Overseas Bank is a financially stable company with plenty of long term work. Management is involved and knowledgeable about day to day operations and technology involved.,4,Compliance Officer,Kuala Lumpur,current,3,4,4,4,3,great company culture,working under pressure,6,100,https://malaysia.indeed.com/cmp/United-Overseas-Bank/reviews?start=100
5 April 2016,A good place to work,"It is a good place to work despite the stress that comes along with it. Still, there are more improvements that could be made to improve the work environment of the workplace.",3,Customer Service Executive,Ampang,former,3,3,2,2,4,"Free coffee, play room",Long hours,6,100,https://malaysia.indeed.com/cmp/United-Overseas-Bank/reviews?start=100
3 December 2015,Poor work life balance,"No doubt it offers great salary package, but at end of the day you really sold your life to the company. The management expects you do OT from time to time to cover service gap due to short of staff.",3,Senior officer,Kuala lumpur,current,2,4,4,2,3,A lot of allowance and incentive,Long hours,6,100,https://malaysia.indeed.com/cmp/United-Overseas-Bank/reviews?start=100
4 November 2015,It is better to have a work-life balance culture in the company.,"Overall, I would still recommend UCOE for other jobseekers as the job would give you a lot of learnings. The most enjoyable part of the job is when the customers would compliment you in their most sincere way.",3,Senior Customer Service Officer,"Kuala Lumpur, M14",former,3,4,3,3,3,,,6,100,https://malaysia.indeed.com/cmp/United-Overseas-Bank/reviews?start=100
21 July 2015,"Team player wokers, good environement",My job is handling coming calls which I need to deal with 80 to 90 customers from Singapore per day. My job is to solve customer's problem and fullfil customer's enquiries. I believe I have improve my soft skills which can be implemented in my future job to give my best work at your company. I am now more confident and more systematic. Most importantly I have improved my communcation skills and time management. Co-workers at United Overseas Bank are great and play as a team player. The hardest part of the job is when you need to handle difficult customers. Wheares the most enjoyable part of the job is when u successfully solved customer's problem or enquiries.,5,Senior Officer,"The Intermark, Kuala Lumpur",former,5,5,5,5,5,"bonus, healthcare (medical), seminars",,6,100,https://malaysia.indeed.com/cmp/United-Overseas-Bank/reviews?start=100
12 July 2015,Best international bank,"1. Provide “one-stop” banking solutions to customers. 2. Promoting a wide range of banking products and services, including Unit Trust, Insurance, deposits to existing and potential customers. 3. Assist in customer service within the branch.",4,PERSONAL BANKER,"Cheras, M14",former,4,5,5,4,3,,,6,100,https://malaysia.indeed.com/cmp/United-Overseas-Bank/reviews?start=100
3 July 2015,Things to learn as company still growing,"It was an honor to join the first batch of ""Manager in Training"" (M.I.T) program. It gave chance of exposure to Team manager daily tasks. I had learn how to manage a team efficiently and motivate them to have better performance. Built a strong relationship with fellow colleagues and cooperate to meet customers' issue. It was tough to manage difficult customer but supports always there when needed. I enjoy myself with the kind relationship built between colleagues, but suffer from long hours of follow up for customers' demand, which sometimes not rational, but try to make it happen.",3,Senior Officer,"KL, Malaysia",former,2,4,4,3,3,High pay with great incentives,long hours of follow up,6,100,https://malaysia.indeed.com/cmp/United-Overseas-Bank/reviews?start=100
24 May 2015,great place to frow,"UOB bank is a regional bank in Asia where their HQ is located in singapore. it is a fun place to work in and i enjoyed the working environment as it provide me with big space to grow, learn and contribute.",4,Client Advisor,malaysia,former,4,4,4,4,4,very compliance,,6,100,https://malaysia.indeed.com/cmp/United-Overseas-Bank/reviews?start=100
7 January 2015,Challenging workforce withroom for growth and career progression,"Daily task include analysing market opportunities to come up with product ideas that suits the market trend and customer's needs and preferences. With this, I have learn to adapt to the changing market environment and work under pressure as a split second would cost a lost of opportunity or money position for the clients. My managers : Margaret, Steven and Mr Khoo had been really supportive when it comes to product approvals and recognition of one's efforts. I have been generously rewarded for the handwork that I have shown and this enhances and boost my morale values. I work with a team of 10 other people who carries the same role. We each exhibit a strong cooperation system and there's a buddy system in tact which enables one to have a back up if any unforeseen circumstances prevail. The hardest part of the job is when we have a bad day at the market, where most indices dropped or the currencies are taking a beating, it is the mental and emotional position of our clients that we would need to manage eg. being shouted at or even enduring tantrums and anger hurled at you and our job would be to pacify the clients and offer alternative solutions. The most enjoyable part would definitely be monetary. Being an employee on both basic salary and monthly incentives, the money is the pull factor. I am accountable for what I bring home extra every month and when you do your best, the satisfaction is there when you bring home a big fat paycheque. I have learn a lot working in UOB, a lot of opportunities was given to me. Steven in particular was nurturing me and guiding me for a managerial role, I was exposed to all the numerical and analytical tasks and meetings and presentations to help me understand the business better and how to run a treasury advisory team, ensuring we are using our team budget accordingly. It was definitely something that made me realise my talent and the opportunity to learn.",5,Treasury Specialist - Privilege Banking,"Kuala Lumpur, M14",former,5,5,5,5,5,"Good benefits, supportive management, good remuneration and rewards","No lunch break as we work through lunch hours, managing people's expectations and patience",6,100,https://malaysia.indeed.com/cmp/United-Overseas-Bank/reviews?start=100
28 December 2014,A challenging job with great benefits,Job required answering phone calls and emails related to credit card matters. It was shift work that included weekdays and weekends. There were always difficult and unreasonable customers and it was a challenge to meet their demands. Some days lunch/dinner/rest breaks were curtailed to meet the backlog of calls. There were appreciative customers who would call/write in to thank the staff for assistance in resolving their issues.. Management were helpful and supportive but kept us on our toes all the time.,4,SENIOR OFFICER,"Kuala Lumpur, M14",former,3,4,4,4,3,Great opportunity for career advancement,Requre a lot of patience and resilience,7,120,https://malaysia.indeed.com/cmp/United-Overseas-Bank/reviews?start=120
28 October 2014,Fun environment,"learned communication skills management - very friendly Hardest part - Short break very limited, less freedom Enjoyable - Festival season entertainment",5,customer service exec,"Kuala Lumpur, M14",current,5,5,5,5,5,Flexible,short breaks very limited,7,120,https://malaysia.indeed.com/cmp/United-Overseas-Bank/reviews?start=120
1 July 2014,Great work environment,"Daily market monitoring and get updates from the investment and treasury specialist in order to spot investment opportunities for clients. Meanwhile, to assist clients with their daily transaction, eg. fixed deposit placement, telegraphic transfer, etc. Teamwork and communication is vital especially in your absence, keeping everyone informed about your whereabouts is your responsibility because this ensures that everything runs without hiccups. Multi-tasking was learned throughout the 4 years work experience in UOB, to combat with high expectation from superiors and customers. Quick adaption to change was developed because of the consistent changes in supervisors, management and salary payout structure. Ever-ready to help colleagues made this place one of the most enjoyable environment to work and grow in. Everyone treated each other with respect made working in a multiracial environment very pleasant.",5,Privilege Banking Client Adviser,Kuala Lumpur,former,5,5,5,5,5,Great colleagues and enjoyable work environment,Inconsistent management structure and payout,7,120,https://malaysia.indeed.com/cmp/United-Overseas-Bank/reviews?start=120
